"Rank","Player","Team","Bye","POS","ESPN","Sleeper","CBS","NFL","RTSports","Fantrax","AVG"
"1","Ja'Marr Chase","CIN","10","WR1","1","1","1","1","1","1","1.0"
"2","Bijan Robinson","ATL","5","RB1","2","3","2","2","2","2","2.2"
"3","Saquon Barkley","PHI","9","RB2","3","2","3","4","4","6","3.7"
"4","Jahmyr Gibbs","DET","8","RB3","5","4","4","6","3","4","4.3"
"5","Justin Jefferson","MIN","6","WR2","4","5","6","5","6","3","4.8"
"6","CeeDee Lamb","DAL","10","WR3","6","6","5","3","5","5","5.0"
"7","Christian McCaffrey","SF","14","RB4","7","10","8","11","7","7","8.3"
"8","Amon-Ra St. Brown","DET","8","WR4","9","8","12","8","10","11","9.7"
"9","Malik Nabers","NYG","14","WR5","10","11","11","9","9","9","9.8"
"10","Derrick Henry","BAL","7","RB5","12","7","7","10","12","13","10.2"
"11","Ashton Jeanty","LV","8","RB6","11","12","9","12","8","10","10.3"
"12","Puka Nacua","LAR","8","WR6","8","9","14","7","18","8","10.7"
"13","Nico Collins","HOU","6","WR7","13","13","13","16","11","12","13.0"
"14","De'Von Achane","MIA","12","RB7","14","14","16","14","17","15","15.0"
"15","Brian Thomas Jr.","JAC","8","WR8","16","15","20","13","15","14","15.5"
"16","Josh Jacobs","GB","5","RB8","17","16","10","19","13","21","16.0"
"17","Drake London","ATL","5","WR9","21","17","24","20","19","16","19.5"
"18","Brock Bowers","LV","8","TE1","20","19","23","17","22","17","19.7"
"19","Jonathan Taylor","IND","11","RB9","15","23","21","22","20","19","20.0"
"20","A.J. Brown","PHI","9","WR10","18","18","27","15","23","20","20.2"
"21","Josh Allen","BUF","7","QB1","19","20","15","21","25","24","20.7"
"22","Chase Brown","CIN","10","RB10","24","27","19","27","14","18","21.5"
"23","Bucky Irving","TB","9","RB11","22","22","22","24","16","23","21.5"
"24","Lamar Jackson","BAL","7","QB2","23","21","17","18","24","28","21.8"
"25","Kyren Williams","LAR","8","RB12","29","25","18","25","21","26","24.0"
"26","Ladd McConkey","LAC","12","WR11","30","24","29","23","30","22","26.3"
"27","Trey McBride","ARI","8","TE2","25","28","35","26","28","25","27.8"
"28","James Cook","BUF","7","RB13","32","32","26","30","27","34","30.2"
"29","Tee Higgins","CIN","10","WR12","26","30","32","32","36","29","30.8"
"30","Jayden Daniels","WAS","12","QB3","27","31","30","29","34","36","31.2"
"31","Tyreek Hill","MIA","12","WR13","31","26","39","36","31","30","32.2"
"32","Joe Burrow","CIN","10","QB4","33","36","25","35","37","38","34.0"
"33","Jaxon Smith-Njigba","SEA","8","WR14","37","29","40","39","35","27","34.5"
"34","Jalen Hurts","PHI","9","QB5","28","33","31","34","43","41","35.0"
"35","Omarion Hampton","LAC","12","RB14","39","41","37","45","26","31","36.5"
"36","Alvin Kamara","NO","11","RB15","38","38","28","44","29","43","36.7"
"37","Breece Hall","NYJ","9","RB16","51","35","41","31","32","35","37.5"
"38","George Kittle","SF","14","TE3","35","37","38","38","41","40","38.2"
"39","Mike Evans","TB","9","WR15","42","39","36","33","48","37","39.2"
"40","Terry McLaurin","WAS","12","WR16","36","42","45","28","40","46","39.5"
"41","Garrett Wilson","NYJ","9","WR17","41","34","51","37","45","32","40.0"
"42","Davante Adams","LAR","8","WR18","34","43","34","48","42","39","40.0"
"43","Kenneth Walker III","SEA","8","RB17","47","44","33","40","38","45","41.2"
"44","Marvin Harrison Jr.","ARI","8","WR19","44","40","46","41","44","33","41.3"
"45","Chuba Hubbard","CAR","14","RB18","40","46","44","55","39","49","45.5"
"46","TreVeyon Henderson","NE","14","RB19","48","54","43","54","33","42","45.7"
"47","James Conner","ARI","8","RB20","46","47","42","49","46","54","47.3"
"48","DK Metcalf","PIT","5","WR20","45","45","48","52","54","51","49.2"
"49","DJ Moore","CHI","5","WR21","54","50","52","46","53","44","49.8"
"50","Patrick Mahomes II","KC","10","QB6","43","49","47","42","62","58","50.2"
"51","Courtland Sutton","DEN","12","WR22","58","51","53","56","50","48","52.7"
"52","Sam LaPorta","DET","8","TE4","49","48","58","43","67","56","53.5"
"53","Xavier Worthy","KC","10","WR23","50","57","50","68","56","47","54.7"
"54","D'Andre Swift","CHI","5","RB21","53","68","49","58","47","69","57.3"
"55","DeVonta Smith","PHI","9","WR24","61","55","59","60","61","50","57.7"
"56","Jameson Williams","DET","8","WR25","64","64","64","51","60","53","59.3"
"57","David Montgomery","DET","8","RB22","59","53","57","67","59","62","59.5"
"58","Isiah Pacheco","KC","10","RB23","62","59","65","59","55","67","61.2"
"59","Zay Flowers","BAL","7","WR26","55","56","63","73","69","55","61.8"
"60","Tetairoa McMillan","CAR","14","WR27","68","62","66","72","52","52","62.0"
"61","RJ Harvey","DEN","12","RB24","75","63","55","70","49","63","62.5"
"62","Travis Kelce","KC","10","TE5","57","61","61","57","64","77","62.8"
"63","Baker Mayfield","TB","9","QB7","52","65","54","61","73","74","63.2"
"64","Calvin Ridley","TEN","10","WR28","60","70","67","66","57","60","63.3"
"65","T.J. Hockenson","MIN","6","TE6","56","58","69","50","80","71","64.0"
"66","George Pickens","DAL","10","WR29","65","60","62","75","63","61","64.3"
"67","Aaron Jones Sr.","MIN","6","RB25","71","67","56","77","58","65","65.7"
"68","Tony Pollard","TEN","10","RB26","70","73","60","78","51","68","66.7"
"69","Rashee Rice","KC","10","WR30","69","52","83","47","79","84","69.0"
"70","Travis Hunter","JAC","8","WR31","74","66","84","62","71","59","69.3"
"71","Bo Nix","DEN","12","QB8","67","71","68","65","78","76","70.8"
"72","Jaylen Waddle","MIA","12","WR32","63","69","80","84","75","57","71.3"
"73","Mark Andrews","BAL","7","TE7","73","72","72","53","93","81","74.0"
"74","Jerry Jeudy","CLE","9","WR33","66","74","70","99","65","70","74.0"
"75","Kaleb Johnson","PIT","5","RB27","96","78","79","80","74","73","80.0"
"76","Tyrone Tracy Jr.","NYG","14","RB28","81","87","71","101","66","79","80.8"
"77","Rome Odunze","CHI","5","WR34","76","80","99","89","82","64","81.7"
"78","Chris Olave","NO","11","WR35","83","76","101","87","77","66","81.7"
"79","Deebo Samuel Sr.","WAS","12","WR36","94","81","75","96","88","72","84.3"
"80","Evan Engram","DEN","12","TE8","78","77","97","74","90","90","84.3"
"81","David Njoku","CLE","9","TE9","72","83","74","85","100","95","84.8"
"82","Stefon Diggs","NE","14","WR37","88","88","91","95","85","78","87.5"
"83","Kyler Murray","ARI","8","QB9","77","94","81","81","106","88","87.8"
"84","Jaylen Warren","PIT","5","RB29","85","95","88","107","72","83","88.3"
"85","Ricky Pearsall","SF","14","WR38","93","96","73","110","68","93","88.8"
"86","Emeka Egbuka","TB","9","WR39","86","93","82","120","70","85","89.3"
"87","Jakobi Meyers","LV","8","WR40","82","82","85","119","95","75","89.7"
"88","Tyler Warren","IND","11","TE10","89","85","96","88","92","92","90.3"
"89","Cooper Kupp","SEA","8","WR41","84","84","95","109","89","82","90.5"
"90","Matthew Golden","GB","5","WR42","80","91","100","115","83","91","93.3"
"91","Jordan Addison","MIN","6","WR43","109","86","103","94","97","80","94.8"
"92","Travis Etienne Jr.","JAC","8","RB30","117","92","90","121","86","89","99.2"
"93","Brock Purdy","SF","14","QB10","79","109","89","106","120","97","100.0"
"94","Dak Prescott","DAL","10","QB11","100","114","78","117","94","106","101.5"
"95","Jacory Croskey-Merritt","WAS","12","RB31","87","134","77","149","81","87","102.5"
"96","Khalil Shakir","BUF","7","WR44","107","98","118","103","103","86","102.5"
"97","Chris Godwin Jr.","TB","9","WR45","101","101","107","91","107","111","103.0"
"98","Cam Skattebo","NYG","14","RB32","106","100","117","100","98","98","103.2"
"99","Jordan Mason","MIN","6","RB33","123","106","98","124","76","94","103.5"
"100","Jared Goff","DET","8","QB12","122","89","93","104","118","101","104.5"
"101","Brandon Aubrey","DAL","10","K1","104","99","104","71","128","128","105.7"
"102","Denver Broncos","DST","12","DST1","95","107","106","82","127","119","106.0"
"103","J.K. Dobbins","DEN","12","RB34","98","108","102","138","87","105","106.3"
"104","Joe Mixon","HOU","6","RB35","116","75","76","64","102","209","107.0"
"105","Jauan Jennings","SF","14","WR46","115","105","119","111","104","96","108.3"
"106","Javonte Williams","DAL","10","RB36","103","111","108","150","91","103","111.0"
"107","Zach Charbonnet","SEA","8","RB37","131","110","92","153","84","100","111.7"
"108","Tucker Kraft","GB","5","TE11","105","116","115","116","110","108","111.7"
"109","Justin Herbert","LAC","12","QB13","91","104","122","123","133","107","113.3"
"110","Michael Pittman Jr.","IND","11","WR47","92","119","94","165","111","99","113.3"
"111","Philadelphia Eagles","DST","9","DST2","128","97","87","92","144","137","114.2"
"112","Rhamondre Stevenson","NE","14","RB38","108","130","110","129","108","102","114.5"
"113","Justin Fields","NYJ","9","QB14","120","162","114","63","126","104","114.8"
"114","Colston Loveland","CHI","5","TE12","113","102","131","113","115","120","115.7"
"115","Austin Ekeler","WAS","12","RB39","97","123","86","146","96","147","115.8"
"116","Quinshon Judkins","CLE","9","RB40","144","79","109","98","122","154","117.7"
"117","Keon Coleman","BUF","7","WR48","111","124","113","139","117","110","119.0"
"118","Caleb Williams","CHI","5","QB15","110","143","120","114","112","129","121.3"
"119","Baltimore Ravens","DST","7","DST3","112","103","111","122","167","114","121.5"
"120","Brian Robinson Jr.","SF","14","RB41","164","90","124","102","114","149","123.8"
"121","Jayden Reed","GB","5","WR49","126","115","134","134","119","125","125.5"
"122","Josh Downs","IND","11","WR50","135","122","129","140","121","112","126.5"
"123","Dalton Kincaid","BUF","7","TE13","125","113","142","128","142","124","129.0"
"124","Drake Maye","NE","14","QB16","124","132","130","143","137","113","129.8"
"125","Jake Bates","DET","8","K2","102","117","171","105","163","127","130.8"
"126","C.J. Stroud","HOU","6","QB17","129","120","135","132","153","122","131.8"
"127","Cameron Dicker","LAC","12","K3","118","127","157","79","150","169","133.3"
"128","Pittsburgh Steelers","DST","5","DST4","90","118","132","131","159","170","133.3"
"129","Tank Bigsby","JAC","8","RB42","130","138","105","209","99","121","133.7"
"130","Najee Harris","LAC","12","RB43","166","146","137","118","113","126","134.3"
"131","Nick Chubb","HOU","6","RB44","138","121","112","176","101","160","134.7"
"132","Kyle Pitts Sr.","ATL","5","TE14","140","112","148","130","141","140","135.2"
"133","Buffalo Bills","DST","7","DST5","153","126","127","93","154","171","137.3"
"134","Jordan Love","GB","5","QB18","127","147","123","141","157","134","138.2"
"135","Jake Ferguson","DAL","10","TE15","134","131","140","159","132","136","138.7"
"136","Darnell Mooney","ATL","5","WR51","139","142","121","183","134","116","139.2"
"137","Houston Texans","DST","6","DST6","99","139","145","144","156","155","139.7"
"138","Jaydon Blue","DAL","10","RB45","158","144","138","155","109","142","141.0"
"139","Rachaad White","TB","9","RB46","147","169","133","148","125","139","143.5"
"140","Braelon Allen","NYJ","9","RB47","156","156","126","199","105","123","144.2"
"141","Dallas Goedert","PHI","9","TE16","132","148","125","142","175","145","144.5"
"142","J.J. McCarthy","MIN","6","QB19","136","151","152","154","146","130","144.8"
"143","Minnesota Vikings","DST","6","DST7","121","133","139","151","171","156","145.2"
"144","Rashid Shaheed","NO","11","WR52","133","135","159","178","152","117","145.7"
"145","Brandon Aiyuk","SF","14","WR53","169","140","162","127","139","138","145.8"
"146","Chase McLaughlin","TB","9","K4","114","145","160","112","188","168","147.8"
"147","Keenan Allen","LAC","12","WR54","119","136","151","222","130","131","148.2"
"148","Jayden Higgins","HOU","6","WR55","145","125","166","206","136","118","149.3"
"149","Christian Kirk","HOU","6","WR56","178","159","136","171","149","109","150.3"
"150","Bhayshul Tuten","JAC","8","RB48","160","172","146","163","129","132","150.3"
"151","Jonnu Smith","PIT","5","TE17","186","128","181","90","155","165","150.8"
"152","Marvin Mims Jr.","DEN","12","WR57","168","150","170","174","131","115","151.3"
"153","Zach Ertz","WAS","12","TE18","154","153","116","162","170","167","153.7"
"154","Trey Benson","ARI","8","RB49","151","158","149","230","123","133","157.3"
"155","Trevor Lawrence","JAC","8","QB20","172","184","150","177","145","135","160.5"
"156","Chris Boswell","PIT","5","K5","146","137","201","69","227","195","162.5"
"157","Jerome Ford","CLE","9","RB50","150","180","147","244","116","150","164.5"
"158","Hunter Henry","NE","14","TE19","155","170","155","172","165","179","166.0"
"159","Marquise Brown","KC","10","WR58","170","194","215","125","164","144","168.7"
"160","Adam Thielen","MIN","6","WR59","157","163","167","203","174","148","168.7"
"161","Detroit Lions","DST","8","DST8","137","129","178","152","214","204","169.0"
"162","San Francisco 49ers","DST","14","DST9","188","168","182","76","218","183","169.2"
"163","Tyler Allgeier","ATL","5","RB51","161","190","173","184","147","163","169.7"
"164","Ka'imi Fairbairn","HOU","6","K6","185","174","198","86","182","200","170.8"
"165","Jake Elliott","PHI","9","K7","143","141","183","135","216","210","171.3"
"166","Green Bay Packers","DST","5","DST10","173","177","141","173","169","197","171.7"
"167","Luther Burden III","CHI","5","WR60","191","152","174","210","160","143","171.7"
"168","Tua Tagovailoa","MIA","12","QB21","165","207","154","193","162","152","172.2"
"169","Ollie Gordon II","MIA","12","RB52","184","175","128","248","124","178","172.8"
"170","Tyjae Spears","TEN","10","RB53","159","171","161","197","148","201","172.8"
"171","Rashod Bateman","BAL","7","WR61","176","166","144","185","205","162","173.0"
"172","Ray Davis","BUF","7","RB54","190","189","165","215","138","146","173.8"
"173","Tyler Bass","BUF","7","K8","142","164","158","147","240","194","174.2"
"174","Cam Ward","TEN","10","QB22","174","167","184","166","201","159","175.2"
"175","Harrison Butker","KC","10","K9","148","149","186","145","211","214","175.5"
"176","Kansas City Chiefs","DST","10","DST11","187","157","179","136","212","188","176.5"
"177","Matthew Stafford","LAR","8","QB23","162","202","169","167","187","186","178.8"
"178","Xavier Legette","CAR","14","WR62","149","187","202","208","176","161","180.5"
"179","Dylan Sampson","CLE","9","RB55","198","182","163","255","135","151","180.7"
"180","Cam Little","JAC","8","K10","163","155","196","156","222","203","182.5"
"181","Michael Penix Jr.","ATL","5","QB24","179","188","176","189","191","189","185.3"
"182","Isaiah Likely","BAL","7","TE20","202","173","189","160","181","208","185.5"
"183","Bryce Young","CAR","14","QB25","193","209","191","194","197","153","189.5"
"184","Wan'Dale Robinson","NYG","14","WR63","175","205","164","249","189","166","191.3"
"185","Tyler Loop","BAL","7","K11","177","161","206","200","226","184","192.3"
"186","Seattle Seahawks","DST","8","DST12","141","185","197","179","236","220","193.0"
"187","Wil Lutz","DEN","12","K12","218","198","209","133","190","225","195.5"
"188","Darren Waller","MIA","12","TE21","183","200","194","187","208","215","197.8"
"189","Geno Smith","LV","8","QB26","206","239","177","205","213","157","199.5"
"190","Brenton Strange","JAC","8","TE22","208","192","187","253","193","177","201.7"
"191","Cedric Tillman","CLE","9","WR64","167","191","203","316","178","158","202.2"
"192","Arizona Cardinals","DST","8","DST13","210","176","217","157","224","244","204.7"
"193","Evan McPherson","CIN","10","K13","196","186","188","188","241","237","206.0"
"194","Jaylen Wright","MIA","12","RB56","189","215","210","240","204","180","206.3"
"195","Kareem Hunt","KC","10","RB57","262","183","213","204","161","219","207.0"
"196","DeMario Douglas","NE","14","WR65","228","203","200","261","172","185","208.2"
"197","Dallas Cowboys","DST","10","DST14","201","224","172","164","225","269","209.2"
"198","Los Angeles Chargers","DST","12","DST15","243","237","175","158","247","199","209.8"
"199","Washington Commanders","DST","12","DST16","212","154","205","169","243","284","211.2"
"200","Amari Cooper","LV","8","WR66","194","225","143","301","180","249","215.3"
"201","New York Giants","DST","14","DST17","199","227","168","186","221","307","218.0"
"202","Will Shipley","PHI","9","RB58","214","208","212","306","173","206","219.8"
"203","Los Angeles Rams","DST","8","DST18","234","226","218","195","219","235","221.2"
"204","New York Jets","DST","9","DST19","204","234","192","214","246","265","225.8"
"205","Jason Sanders","MIA","12","K14","171","246","185","108",,"216","185.2"
"206","Rico Dowdle","CAR","14","RB59",,"212","207","219","140","164","188.4"
"207","Isaac Guerendo","SF","14","RB60",,"195","180","198","206","176","191.0"
"208","Matt Gay","WAS","12","K15","182",,"153","182","234","217","193.6"
"209","Tampa Bay Buccaneers","DST","9","DST20","205","218",,"137","242","182","196.8"
"210","Younghoe Koo","ATL","5","K16","195","160","193","170",,"272","198.0"
"211","Pat Freiermuth","PIT","5","TE23","200","219",,"175","215","191","200.0"
"212","Cade Otton","TB","9","TE24","197","216",,"211","192","193","201.8"
"213","Romeo Doubs","GB","5","WR67",,"210","204","224","200","172","202.0"
"214","Sam Darnold","SEA","8","QB27","203","236",,"201","202","174","203.2"
"215","New England Patriots","DST","14","DST21","152","199",,"190","245","273","211.8"
"216","Chicago Bears","DST","5","DST22","221",,"214","83","250","298","213.2"
"217","Daniel Carlson","LV","8","K17","216","197",,"161","248","254","215.2"
"218","Isaac TeSlaa","DET","8","WR68","215","196",,"223","186","285","221.0"
"219","Will Reichard","MIN","6","K18","220","223",,"196","237","268","228.8"
"220","Tre' Harris","LAC","12","WR69",,"165",,"168","177","141","162.8"
"221","Brandon McManus","GB","5","K19","219",,"208","207","223","304","232.2"
"222","Jake Moody","SF","14","K20","211","222",,"202","249","294","235.6"
"223","Dalton Schultz","HOU","6","TE25","267","241",,"216","235","231","238.0"
"224","Roschon Johnson","CHI","5","RB61",,"245","211","304","230","223","242.6"
"225","Kendre Miller","NO","11","RB62",,"292","199","357","195","187","246.0"
"226","DeAndre Hopkins","BAL","7","WR70",,"214",,"191","151","207","190.8"
"227","Joshua Palmer","BUF","7","WR71",,"181",,"235","184","175","193.8"
"228","Chig Okonkwo","TEN","10","TE26",,"179",,"220","179","198","194.0"
"229","Aaron Rodgers","PIT","5","QB28","192","229",,"192",,"192","201.3"
"230","Kyle Williams","NE","14","WR72",,"193",,"226","217","173","202.3"
"231","Blake Corum","LAR","8","RB63",,"217",,"243","209","196","216.3"
"232","Dont'e Thornton Jr.","LV","8","WR73",,"178",,"267","168","258","217.8"
"233","Jack Bech","LV","8","WR74",,"221",,"239","185","226","217.8"
"234","Justice Hill","BAL","7","RB64",,"244",,"234","183","224","221.3"
"235","Cincinnati Bengals","DST","10","DST23","223",,,"97","251","324","223.8"
"236","Quentin Johnston","LAC","12","WR75",,"249","195","280",,"181","226.3"
"237","Raheem Mostert","LV","8","RB65",,"238","190","246",,"232","226.5"
"238","Mason Taylor","NYJ","9","TE27",,"213",,"270","198","228","227.3"
"239","Jaxson Dart","NYG","14","QB29","207","228",,"238",,"238","227.8"
"240","Tory Horton","SEA","8","WR76","385","231",,"323","210","266","283.0"
"241","Shedeur Sanders","CLE","9","QB30","209","206",,"213",,"288","229.0"
"242","Elijah Arroyo","SEA","8","TE28",,"211",,"272","228","211","230.5"
"243","Woody Marks","HOU","6","RB66",,"201",,"339","158","227","231.3"
"244","Alec Pierce","IND","11","WR77",,"251",,"256","229","205","235.3"
"245","Anthony Richardson Sr.","IND","11","QB31","242","254",,"227",,"229","238.0"
"246","Russell Wilson","NYG","14","QB32","239","278",,"225",,"213","238.8"
"247","DJ Giddens","IND","11","RB67",,"243",,"315","196","202","239.0"
"248","Keaton Mitchell","BAL","7","RB68",,"230",,"285","199","253","241.8"
"249","Miles Sanders","DAL","10","RB69",,"250",,"273","239","222","246.0"
"250","Jalen Coker","CAR","14","WR78",,"232",,"331","207","218","247.0"
"251","Cole Kmet","CHI","5","TE29","224","310",,"228",,"233","248.8"
"252","Kyle Monangai","CHI","5","RB70",,"242",,"332","143","281","249.5"
"253","Miami Dolphins","DST","12","DST24","256","286",,"217",,"271","257.5"
"254","Daniel Jones","IND","11","QB33",,"325","156","310",,"250","260.3"
"255","MarShawn Lloyd","GB","5","RB71",,"279","216","318",,"239","263.0"
"256","Elijah Mitchell","KC","10","RB72",,"315",,"254","231","252","263.0"
"257","Indianapolis Colts","DST","11","DST25","180","318",,"233",,"338","267.3"
"258","Noah Gray","KC","10","TE30","238","304",,"241",,"286","267.3"
"259","Las Vegas Raiders","DST","8","DST26","226","303",,"229",,"318","269.0"
"260","Brashard Smith","KC","10","RB73",,"262",,"380","220","230","273.0"
"261","Joe Flacco","CLE","9","QB34","248","324",,"263",,"279","278.5"
"262","Pat Bryant","DEN","12","WR79",,"240",,"374","244","259","279.3"
"263","New Orleans Saints","DST","11","DST27","236","305",,"245",,"333","279.8"
"264","Justin Tucker",,,"K21","217","296",,"269",,"354","284.0"
"265","Trevor Etienne","CAR","14","RB74",,"349",,"260","232","296","284.3"
"266","Zack Moss",,,"RB75","261","364",,"232",,"283","285.0"
"267","Cleveland Browns","DST","9","DST28","213",,,"126",,"306","215.0"
"268","Tahj Brooks","CIN","10","RB76",,"235",,"435","233","257","290.0"
"269","Jalen Milroe","SEA","8","QB35","275","307",,"296",,"293","292.8"
"270","Mike Gesicki","CIN","10","TE31",,"220",,"265",,"190","225.0"
"271","Ja'Tavion Sanders","CAR","14","TE32","380","267",,"278",,"255","295.0"
"272","Terrance Ferguson","LAR","8","TE33","259","276",,"358",,"300","298.3"
"273","Atlanta Falcons","DST","5","DST29","237",,,"221",,"236","231.3"
"274","Jarquez Hunter","LAR","8","RB77",,"257",,"528","203","242","307.5"
"275","Tennessee Titans","DST","10","DST30","235","268",,"268",,"442","303.3"
"276","Tyler Lockett","TEN","10","WR80",,"233",,"237",,"256","242.0"
"277","Tyler Conklin","LAC","12","TE34","328","358",,"262",,"295","310.8"
"278","Elic Ayomanor","TEN","10","WR81",,"204",,"320",,"221","248.3"
"279","Cairo Santos","CHI","5","K22","181",,,"218",,"348","249.0"
"280","Jalen McMillan","TB","9","WR82",,"247",,"231",,"289","255.7"
"281","Dontayvion Wicks","GB","5","WR83","389","319",,"328",,"234","317.5"
"282","Jaylin Noel","HOU","6","WR84","446","260",,"359",,"212","319.3"
"283","Calvin Austin III","PIT","5","WR85",,"265",,"277",,"243","261.7"
"284","Taysom Hill","NO","11","TE35","241","367",,"295",,"397","325.0"
"285","Dameon Pierce","HOU","6","RB78",,,,"290","194","328","270.7"
"286","Andrei Iosivas","CIN","10","WR86",,"288",,"266",,"260","271.3"
"287","Graham Gano","NYG","14","K23","230",,,"251",,"336","272.3"
"288","Harold Fannin Jr.","CLE","9","TE36","272","295",,"436",,"316","329.8"
"289","Sean Tucker","TB","9","RB79",,,,"317","238","270","275.0"
"290","Juwan Johnson","NO","11","TE37",,"300",,"275",,"251","275.3"
"291","Chris Rodriguez Jr.","WAS","12","RB80",,,,"369","166","297","277.3"
"292","Jaleel McLaughlin","DEN","12","RB81",,"338",,"180",,"320","279.3"
"293","Luke McCaffrey","WAS","12","WR87","246",,,"307",,"290","281.0"
"294","Theo Johnson","NYG","14","TE38",,"280",,"300",,"264","281.3"
"295","Darius Slayton","NYG","14","WR88",,"290",,"311",,"248","283.0"
"296","Kirk Cousins","ATL","5","QB36","229",,,"281",,"340","283.3"
"297","Michael Wilson","ARI","8","WR89",,"274",,"335",,"246","285.0"
"298","Adonai Mitchell","IND","11","WR90",,"248",,"360",,"247","285.0"
"299","Jalen Royals","KC","10","WR91","412","255",,"447",,"241","338.8"
"300","Andy Borregales","NE","14","K24","255",,,"279",,"326","286.7"
"301","Diontae Johnson",,,"WR92",,"317",,"286",,"277","293.3"
"302","Dyami Brown","JAC","8","WR93",,"270",,"366",,"245","293.7"
"303","Dawson Knox","BUF","7","TE39","227",,,"247",,"409","294.3"
"304","Troy Franklin","DEN","12","WR94",,"327",,"289",,"275","297.0"
"305","JuJu Smith-Schuster","KC","10","WR95","257",,,"259",,"388","301.3"
"306","Tyler Higbee","LAR","8","TE40",,"343",,"283",,"278","301.3"
"307","Blake Grupe","NO","11","K25","233",,,"236",,"439","302.7"
"308","Jacksonville Jaguars","DST","8","DST31",,"323",,"252",,"335","303.3"
"309","Jordan James","SF","14","RB82",,"298",,"336",,"280","304.7"
"310","Carolina Panthers","DST","14","DST32","225",,,"288",,"403","305.3"
"311","Jameis Winston","NYG","14","QB37","266",,,"321",,"330","305.7"
"312","Elijah Moore","BUF","7","WR96","274",,,"303",,"345","307.3"
"313","Tyler Shough","NO","11","QB38",,"312",,"372",,"240","308.0"
"314","Audric Estime","PHI","9","RB83","413","374",,"349",,"292","357.0"
"315","Tank Dell","HOU","6","WR97","247",,,"264",,"427","312.7"
"316","Tutu Atwell","LAR","8","WR98",,"351",,"325",,"263","313.0"
"317","Zamir White","LV","8","RB84","232",,,"356",,"361","316.3"
"318","Luke Musgrave","GB","5","TE41","253",,,"346",,"351","316.7"
"319","Antonio Gibson","NE","14","RB85","344",,,"297",,"309","316.7"
"320","Noah Fant","CIN","10","TE42",,"377",,"258",,"322","319.0"
"321","Marquez Valdes-Scantling","SF","14","WR99","480","359",,"322",,"299","365.0"
"322","Spencer Shrader","IND","11","K26",,,"219","294",,"448","320.3"
"323","Joey Slye","TEN","10","K27","258",,,"274",,"431","321.0"
"324","Jason Myers","SEA","8","K28",,,,"181",,"291","236.0"
"325","Joshua Karty","LAR","8","K29",,,,"212",,"261","236.5"
"326","Jahan Dotson","PHI","9","WR100","231",,,"291",,"454","325.3"
"327","Efton Chism III","NE","14","WR101","244",,,"305",,"430","326.3"
"328","KeAndre Lambert-Smith","LAC","12","WR102","271",,,"384",,"327","327.3"
"329","Dustin Hopkins",,,"K30","254",,,"282",,"451","329.0"
"330","Roman Wilson","PIT","5","WR103",,"294",,"361",,"337","330.7"
"331","Hunter Renfrow","CAR","14","WR104","270",,,"355",,"377","334.0"
"332","Chad Ryland","ARI","8","K31","395",,,"271",,"339","335.0"
"333","Michael Mayer","LV","8","TE43",,"378",,"292",,"341","337.0"
"334","Christian Watson","GB","5","WR105",,"333",,"367",,"315","338.3"
"335","A.J. Dillon","PHI","9","RB86","407",,,"312",,"303","340.7"
"336","Olamide Zaccheaus","CHI","5","WR106","319",,,"364",,"342","341.7"
"337","Will Dissly","LAC","12","TE44","322",,,"302",,"405","343.0"
"338","Darnell Washington","PIT","5","TE45","273",,,"287",,"471","343.7"
"339","Tez Johnson","TB","9","WR107","283",,,"431",,"331","348.3"
"340","Joe Milton III","DAL","10","QB39","308",,,"329",,"408","348.3"
"341","Devin Neal","NO","11","RB87",,"272",,"545",,"274","363.7"
"342","KaVontae Turpin","DAL","10","WR108",,,,"242",,"310","276.0"
"343","Jalen Tolbert","DAL","10","WR109",,,,"284",,"276","280.0"
"344","Devin Singletary","NYG","14","RB88",,,,"257",,"308","282.5"
"345","Kayshon Boutte","NE","14","WR110",,"370",,"390",,"305","355.0"
"346","Jermar Jefferson",,,"RB89","222",,,"344",,,"283.0"
"347","Austin Hooper","NE","14","TE46","296",,,"333",,"450","359.7"
"348","Mitchell Tinsley","CIN","10","WR111","279",,,"405",,"396","360.0"
"349","John Metchie III","PHI","9","WR112","303",,,"386",,"395","361.3"
"350","Tre Tucker","LV","8","WR113",,,,"299",,"287","293.0"
"351","Damien Martinez","SEA","8","RB90","421",,,"408",,"262","363.7"
"352","Ryan Fitzgerald","CAR","14","K32","245",,,"350",,,"297.5"
"353","Joshua Dobbs","NE","14","QB40","300",,,"378",,"418","365.3"
"354","Jimmy Garoppolo","LAR","8","QB41","299",,,"392",,"407","366.0"
"355","Jimmy Horn Jr.","CAR","14","WR114","281",,,"319",,,"300.0"
"356","Darius Cooper","PHI","9","WR115","289",,,"428",,"387","368.0"
"357","Josh Oliver","MIN","6","TE47","292",,,"324",,"488","368.0"
"358","LaJohntay Wester","BAL","7","WR116","340",,,"409",,"355","368.0"
"359","Nick Westbrook-Ikhine","MIA","12","WR117",,,,"298",,"313","305.5"
"360","Odell Beckham Jr.",,,"WR118","263",,,"351",,,"307.0"
"361","Grant Calcaterra","PHI","9","TE48","288",,,"327",,,"307.5"
"362","Elijah Higgins","ARI","8","TE49","310",,,"347",,"458","371.7"
"363","Mason Rudolph","PIT","5","QB42","327",,,"363",,"426","372.0"
"364","Jake Bobo","SEA","8","WR119","285",,,"348",,"484","372.3"
"365","Brock Wright","DET","8","TE50","278",,,"345",,,"311.5"
"366","Ray-Ray McCloud III","ATL","5","WR120",,,,"342",,"282","312.0"
"367","Brandin Cooks","NO","11","WR121",,,,"314",,"312","313.0"
"368","Carson Wentz","MIN","6","QB43","301",,,"412",,"414","375.7"
"369","Jalen Nailor","MIN","6","WR122",,,,"326",,"302","314.0"
"370","Ty Chandler","MIN","6","RB91","280",,,"368",,"481","376.3"
"371","Xavier Restrepo","TEN","10","WR123","479","320",,"567",,"332","424.5"
"372","Ty Johnson","BUF","7","RB92",,,,"309",,"323","316.0"
"373","Jalin Hyatt","NYG","14","WR124","307",,,"425",,"401","377.7"
"374","J.J. Taylor",,,"RB93","251",,,"383",,,"317.0"
"375","Tim Patrick","JAC","8","WR125","353",,,"340",,"445","379.3"
"376","Devaughn Vele","NO","11","WR126",,,,"373",,"267","320.0"
"377","Deshaun Watson","CLE","9","QB44","265",,,"376",,,"320.5"
"378","Ben Sinnott","WAS","12","TE51",,"330",,"477",,"334","380.3"
"379","Allen Lazard","NYJ","9","WR127",,,,"341",,"301","321.0"
"380","Craig Reynolds","DET","8","RB94","313",,,"395",,"434","380.7"
"381","Tanner McKee","PHI","9","QB45","329",,,"403",,"411","381.0"
"382","Parker Romo",,,"K33","312",,,"334",,,"323.0"
"383","Malik Willis","GB","5","QB46","323",,,"398",,"432","384.3"
"384","Jordan Whittington","LAR","8","WR128",,"353",,"475",,"325","384.3"
"385","Matthew Wright",,,"K34","383",,,"343",,"428","384.7"
"386","Samaje Perine","CIN","10","RB95",,,,"308",,"350","329.0"
"387","Andre Szmyt","CLE","9","K35","290",,,"539",,"375","401.3"
"388","Caden Davis",,,"K36","269",,,"471",,"429","389.7"
"389","Gardner Minshew II","KC","10","QB47","316",,,"419",,"435","390.0"
"390","Spencer Rattler","NO","11","QB48",,,,"330",,"347","338.5"
"391","Mack Hollins","NE","14","WR129","359",,,"354",,"464","392.3"
"392","Oronde Gadsden II","LAC","12","TE52",,"331",,"509",,"346","395.3"
"393","Cooper Rush","BAL","7","QB49","348",,,"394",,"437","393.0"
"394","Nick Folk","NYJ","9","K37",,,,"313",,"371","342.0"
"395","Skyy Moore","SF","14","WR130","317",,,"462",,"406","395.0"
"396","Luke Schoonmaker","DAL","10","TE53","320",,,"389",,"477","395.3"
"397","Kalif Raymond","DET","8","WR131","325",,,"375",,"487","395.7"
"398","Mitchell Trubisky","BUF","7","QB50","350",,,"440",,"399","396.3"
"399","Demarcus Robinson","SF","14","WR132","417",,,"353",,"419","396.3"
"400","AJ Barner","SEA","8","TE54",,,,"293",,"398","345.5"
"401","Jude McAtamney","NYG","14","K38","282",,,"434",,"478","398.0"
"402","Will Howard","PIT","5","QB51","364",,,"371",,"463","399.3"
"403","Adam Trautman","DEN","12","TE55","334",,,"365",,,"349.5"
"404","Julian Hill","MIA","12","TE56","297",,,"430",,"475","400.7"
"405","Carson Steele","KC","10","RB96","375",,,"337",,,"356.0"
"406","Mac Jones","SF","14","QB52","381",,,"385",,"447","404.3"
"407","Emanuel Wilson","GB","5","RB97",,,,"370",,"344","357.0"
"408","Jarrett Stidham","DEN","12","QB53","377",,,"448",,"391","405.3"
"409","Kenneth Gainwell","PIT","5","RB98",,,,"276",,"441","358.5"
"410","Malik Washington","MIA","12","WR133",,,,"406",,"311","358.5"
"411","Harrison Mevis","NYJ","9","K39","240",,,"478",,,"359.0"
"412","Quinn Ewers","MIA","12","QB54","314",,,"404",,,"359.0"
"413","Khalil Herbert",,,"RB99","293",,,"512",,"425","410.0"
"414","Equanimeous St. Brown",,,"WR134","276",,,"443",,,"359.5"
"415","Parker Washington","JAC","8","WR135",,,,"402",,"317","359.5"
"416","Jake Browning","CIN","10","QB55","331",,,"610",,"392","444.3"
"417","Greg Joseph",,,"K40","339",,,"416",,"474","409.7"
"418","Deuce Vaughn",,,"RB100","365",,,"400",,"473","412.7"
"419","Cam Akers",,,"RB101","394",,,"421",,"424","413.0"
"420","Greg Zuerlein",,,"K41","330",,,"410",,,"370.0"
"421","Gunnar Helm","TEN","10","TE57","302",,,"481",,"457","413.3"
"422","Scott Matlock","LAC","12","DT1","249",,,,,,"249.0"
"423","Kyle Juszczyk","SF","14","RB102",,,,"250",,,"250.0"
"424","DeWayne McBride",,,"RB103","250",,,,,,"250.0"
"425","Matt Barkley",,,"QB56","252",,,,,,"252.0"
"426","Sean Culkin",,,"TE58",,"252",,,,,"252.0"
"427","Mitchell Evans","CAR","14","TE59","264",,,"564",,"489","439.0"
"428","Tommy DeVito","NE","14","QB57","284",,,"470",,,"377.0"
"429","Isaiah Bond","CLE","9","WR136","373",,,"558",,"382","437.7"
"430","Josh Hammond",,,"WR137",,"256",,,,,"256.0"
"431","Savion Williams","GB","5","WR138","442",,,"809",,"314","521.7"
"432","Josh Hokit",,,"RB104",,"259",,,,,"259.0"
"433","Marcus Mariota","WAS","12","QB58",,,,"411",,"349","380.0"
"434","Tyquan Thornton","KC","10","WR139","361",,,"399",,,"380.0"
"435","Braxton Berrios","HOU","6","WR140","260",,,"596",,,"428.0"
"436","Josh Malone",,,"WR141",,"261",,,,,"261.0"
"437","Kyle Allen","DET","8","QB59","318",,,"444",,,"381.0"
"438","Cethan Carter",,,"TE60",,"263",,,,,"263.0"
"439","Connor Heyward","PIT","5","TE61","378",,,"387",,,"382.5"
"440","Noah Togiai",,,"TE62",,"266",,,,,"266.0"
"441","Tyrell Shavers","BUF","7","WR142","404",,,"543",,"363","436.7"
"442","Mason Crosby",,,"K42","268",,,,,,"268.0"
"443","Curtis Samuel","BUF","7","WR143","466",,,"362",,"444","424.0"
"444","Omar Bayless",,,"WR144",,"273",,,,,"273.0"
"445","Austin Seibert",,,"K43","402",,,,,"374","388.0"
"446","Josh Johnson",,,"WR145",,"277",,,,,"277.0"
"447","Jordan Travis",,,"QB60","277",,,,,,"277.0"
"448","Jeremy McNichols","WAS","12","RB105",,,,"393",,"386","389.5"
"449","C.J. Ham","MIN","6","RB106","341",,,"439",,,"390.0"
"450","Sterling Shepard","TB","9","WR146","428",,,"352",,,"390.0"
"451","John FitzPatrick","GB","5","TE63","487","337",,"456",,,"426.7"
"452","Tevin Jones",,,"WR147",,"284",,,,,"284.0"
"453","Darrell Stewart Jr.",,,"WR148",,"285",,,,,"285.0"
"454","Tyson Bagent","CHI","5","QB61","286",,,"538",,,"412.0"
"455","Patrick Carr",,,"RB107",,"287",,,,,"287.0"
"456","John Samuel Shenker",,,"TE64","287",,,,,,"287.0"
"457","Avery Williams",,,"RB108","435",,,"649",,"352","478.7"
"459","Josh Johnson",,,"RB109",,"289",,,,,"289.0"
"460","Frank Gore Jr.","BUF","7","RB110","357",,,"433",,,"395.0"
"461","Drew Lock","SEA","8","QB62","409",,,"381",,,"395.0"
"462","Jermaine Burton","CIN","10","WR150","462","379",,"473",,"476","447.5"
"463","Kadarius Toney",,,"WR151","368",,,"423",,,"395.5"
"464","Kyle McCord","PHI","9","QB63","291",,,"734",,,"512.5"
"465","Ezekiel Elliott",,,"RB111","294",,,,,,"294.0"
"466","Dalvin Cook",,,"RB112","295",,,,,,"295.0"
"467","Stephen Sullivan",,,"TE65",,"297",,,,,"297.0"
"468","Mo Alie-Cox","IND","11","TE66","384",,,"441",,"472","432.3"
"469","Darrell Henderson Jr.",,,"RB113","298",,,,,,"298.0"
"470","Zach Wilson","MIA","12","QB64","343",,,"663",,"455","487.0"
"471","Noah Brown","WAS","12","WR152",,,,"377",,"422","399.5"
"472","Sam Howell","PHI","9","QB65","376",,,"683",,"423","494.0"
"473","Kenny Pickett","LV","8","QB66",,,,"388",,"416","402.0"
"474","Patrick Ricard","BAL","7","RB114","390",,,"414",,,"402.0"
"475","D.J. Montgomery","IND","11","WR153","304",,,"503",,,"403.5"
"476","John Bates","WAS","12","TE67","305",,,"666",,,"485.5"
"477","Eddy Pineiro",,,"K44","311",,,"495",,,"403.0"
"478","Jahdae Walker","CHI","5","WR154","306",,,"797",,,"551.5"
"479","Seth Green",,,"TE68",,"308",,,,,"308.0"
"480","Travis Toivonen",,,"WR155",,"309",,,,,"309.0"
"481","Beaux Collins","NYG","14","WR156","309",,,"722",,,"515.5"
"482","Daniel Bellinger","NYG","14","TE69","347",,,"463",,,"405.0"
"484","Anthony Firkser",,,"TE70",,"313",,,,,"313.0"
"485","Dominique Dafney",,,"TE71","315",,,,,,"315.0"
"486","Matt Prater",,,"K45","335",,,"484",,,"409.5"
"487","Tai Felton","MIN","6","WR158",,,,"532",,"319","425.5"
"488","Brett Maher",,,"K46","321",,,,,,"321.0"
"489","Gabe Davis",,,"WR159",,,,,,"321","321.0"
"490","Freddie Swain",,,"WR160",,"322",,,,,"322.0"
"491","Andy Dalton","CAR","14","QB67","403",,,"437",,"482","440.7"
"492","Hendon Hooker","CAR","14","QB68","356",,,"467",,,"411.5"
"493","Stetson Bennett IV","LAR","8","QB69","324",,,"530",,,"427.0"
"494","Blake Proehl",,,"WR161",,"326",,,,,"326.0"
"495","Cade Stover","HOU","6","TE72","326",,,"549",,,"437.5"
"496","Zane Gonzalez",,,"K47","366",,,"585",,"460","470.3"
"497","Dennis Houston","TB","9","WR162",,"328",,"854",,,"591.0"
"498","Kenny Stills",,,"WR163",,"329",,,,,"329.0"
"499","Brandon Allen","TEN","10","QB70","342",,,"487",,,"414.5"
"500","Ricky White III","SEA","8","WR164",,,,"751",,"329","540.0"
"501","Michael Badgley",,,"K48","332",,,,,,"332.0"
"502","Josh Reynolds","NYJ","9","WR165",,,,"489",,"343","416.0"
"503","Lil'Jordan Humphrey","NYG","14","WR166","386",,,"446",,,"416.0"
"504","Tommy Tremble","CAR","14","TE73","425",,,"454",,"453","444.0"
"505","Lucky Jackson","MIN","6","WR167","333",,,"546",,,"439.5"
"506","Justin Watson","HOU","6","WR168","419",,,"415",,,"417.0"
"507","Jacob Kibodi",,,"RB115","336",,,,,,"336.0"
"508","Anders Carlson",,,"K49","495",,,"401",,"440","445.3"
"509","Anthony Brown Jr.",,,"QB71","338",,,,,,"338.0"
"510","Lenny Krieg","ATL","5","K50",,,,"338",,,"338.0"
"511","Trey Lance","LAC","12","QB72","415",,,"424",,,"419.5"
"512","David Moore","CAR","14","WR169",,,,"379",,"461","420.0"
"513","Leonard Fournette",,,"RB116","447",,,,,"393","420.0"
"514","Kenjon Barner",,,"RB117",,"341",,,,,"341.0"
"515","Chester Rogers",,,"WR170",,"342",,,,,"342.0"
"516","Jaylin Lane","WAS","12","WR171","406",,,"562",,"436","468.0"
"517","Carl Tucker",,,"TE74",,"344",,,,,"344.0"
"518","Theo Riddick",,,"RB118",,"345",,,,,"345.0"
"519","Kirk Merritt",,,"WR172","345",,,,,,"345.0"
"520","Travis Wilson",,,"WR173",,"346",,,,,"346.0"
"521","Jermaine Jackson",,,"WR174","346",,,,,,"346.0"
"522","T.J. Pledger",,,"RB119",,"347",,,,,"347.0"
"523","Van Jefferson","TEN","10","WR175",,,,"396",,"452","424.0"
"524","Nathan Rourke",,,"QB73","349",,,,,,"349.0"
"525","Tyler Badie","DEN","12","RB120","393",,,"457",,,"425.0"
"526","John Ross",,,"WR176","351",,,,,,"351.0"
"527","Randy Bullock",,,"K51","352",,,,,,"352.0"
"528","Isaac Nauta",,,"TE75",,"354",,,,,"354.0"
"529","Max Duggan",,,"QB74","354",,,,,,"354.0"
"530","Isaac","Rex",,"TE76",,"355",,,,,"355.0"
"531","Derius Davis","LAC","12","WR177","355",,,"533",,,"444.0"
"532","Robert Woods","PIT","5","WR178",,,,"391",,"465","428.0"
"533","Kylen Granson","PHI","9","TE77","401",,,"455",,,"428.0"
"534","Jordan Wilkins",,,"RB121",,"357",,,,,"357.0"
"535","George Campbell",,,"WR179",,,,,,"357","357.0"
"536","Ben DiNucci",,,"QB75","358",,,"627",,,"492.5"
"537","Kazmeir Allen",,,"WR180",,,,"737",,"358","547.5"
"538","Scotty Miller","PIT","5","WR181","410",,,"449",,,"429.5"
"539","Jordan Moore","CIN","10","WR182",,,,"886",,"359","622.5"
"540","Julio Jones",,,"WR183","360",,,,,,"360.0"
"541","Noah Cain",,,"RB122",,"360",,,,,"360.0"
"542","Marcus Major Jr.",,,"RB123",,,,"793",,"360","576.5"
"543","Cole Beasley",,,"WR184",,,,,,"362","362.0"
"544","Kyle Markway",,,"TE78",,"362",,,,,"362.0"
"545","Teddy Bridgewater","TB","9","QB76","362",,,"569",,,"465.5"
"546","Ross Travis",,,"TE79",,"363",,,,,"363.0"
"547","Cam Miller","LV","8","QB77","363",,,"621",,,"492.0"
"548","Rasheen Ali","BAL","7","RB124","392",,,"472",,,"432.0"
"549","Jalen White",,,"RB125",,,,"566",,"364","465.0"
"550","Robert Foster",,,"WR185",,"365",,,,,"365.0"
"551","Ellis Merriweather",,,"RB126",,,,,,"365","365.0"
"552","Cam Newton",,,"QB78",,,,,,"367","367.0"
"553","Raheim Sanders","CLE","9","RB127","367",,,"642",,,"504.5"
"554","Mark McNamee","GB","5","K52",,,,"502",,"368","435.0"
"555","Konata Mumpfield","LAR","8","WR186",,,,,,"369","369.0"
"556","Riley Leonard","IND","11","QB79","369",,,"687",,,"528.0"
"557","Devontez Walker","BAL","7","WR187","370",,,"547",,,"458.5"
"558","Nick Kallerup","SEA","8","TE80",,,,"573",,"370","471.5"
"559","Zay Jones","ARI","8","WR188","427",,,"583",,"443","484.3"
"560","Luke Farrell","SF","14","TE81","371",,,"655",,,"513.0"
"561","Ian Book",,,"QB80",,,,,,"372","372.0"
"562","Malik Williams",,,"WR189",,"372",,,,,"372.0"
"563","Donovan Edwards","WAS","12","RB128","372",,,"544",,,"458.0"
"564","Wendell Smallwood",,,"RB129",,,,,,"373","373.0"
"565","Julius Chestnut","TEN","10","RB130",,,,"464",,"410","437.0"
"566","Ja'Corey Brooks","WAS","12","WR190","374",,,"811",,,"592.5"
"567","Jalen Guyton",,,"WR191",,"375",,,,,"375.0"
"568","Jashaun Corbin",,,"RB131",,,,"692",,"376","534.0"
"569","Bryce Pierre","CAR","14","TE82",,,,"884",,"378","631.0"
"570","Nikko Remigio","KC","10","WR192","379",,,"540",,,"459.5"
"571","Giovani Bernard",,,"RB132",,,,,,"380","380.0"
"572","Cyril Grayson Jr.",,,"WR193",,"380",,,,,"380.0"
"573","Jason Brownlee","KC","10","WR194",,,,,,"381","381.0"
"574","Tylan Wallace","BAL","7","WR195","484",,,"397",,,"440.5"
"575","Jaren Hall",,,"QB81","382",,,,,,"382.0"
"576","Dominic Lovett","DET","8","WR196","469",,,"806",,"413","562.7"
"577","Phil Mafah","DAL","10","RB133",,,,"803",,"383","593.0"
"578","Rob Gronkowski",,,"TE83",,,,,,"384","384.0"
"579","Terrace Marshall Jr.",,,"WR197",,,,"511",,"385","448.0"
"580","Tanner Brown",,,"K53","387",,,,,,"387.0"
"581","Charlie Jones","CIN","10","WR198","388",,,"700",,,"544.0"
"582","Cade York",,,"K54","430",,,"459",,,"444.5"
"583","Kalel Mullings","TEN","10","RB134",,,,"813",,"389","601.0"
"584","Robert Griffin","III",,"QB82",,,,,,"390","390.0"
"585","Dallin Holker",,,"TE84","391",,,"862",,,"626.5"
"586","Thomas Fidone II","NYG","14","TE85",,,,"631",,"394","512.5"
"587","Jared Wiley","KC","10","TE86","396",,,"551",,,"473.5"
"588","Josh Williams","TB","9","RB135","397",,,"752",,,"574.5"
"589","Trent Taylor","SF","14","WR199","398",,,,,,"398.0"
"590","D.J. Williams",,,"RB136","399",,,"868",,,"633.5"
"591","James Robinson",,,"RB137","400",,,,,,"400.0"
"592","Cam Grandy","CIN","10","TE87",,,,"773",,"400","586.5"
"593","Greg Dortch","ARI","8","WR200",,,,"445",,"456","450.5"
"594","Nick Mullens","JAC","8","QB83",,,,"588",,"402","495.0"
"595","Colby Parkinson","LAR","8","TE88",,,,"422",,"483","452.5"
"596","Davis Allen","LAR","8","TE89","405",,,"531",,,"468.0"
"597","Michael Burton","DEN","12","RB138","468",,,"438",,,"453.0"
"598","Ainias Smith","CAR","14","WR201",,,,"407",,,"407.0"
"599","Gus Edwards",,,"RB139","408",,,"603",,,"505.5"
"600","Drew Sample","CIN","10","TE90","492",,,"418",,,"455.0"
"601","Jared Wayne","HOU","6","WR202","411",,,,,,"411.0"
"602","Jamari Thrash","CLE","9","WR203",,,,"746",,"412","579.0"
"603","Cedrick Wilson Jr.","NO","11","WR204",,,,"595",,"415","505.0"
"604","SaRodorick Thompson Jr.",,,"RB140","416",,,,,,"416.0"
"605","Mecole Hardman Jr.","GB","5","WR205",,,,"417",,,"417.0"
"606","Tyree Jackson","WAS","12","TE91",,,,"820",,"417","618.5"
"607","Boston Scott",,,"RB141","418",,,,,,"418.0"
"608","Dillon Gabriel","CLE","9","QB84",,,,"480",,"438","459.0"
"609","Clyde Edwards-Helaire","KC","10","RB142",,,,"420",,,"420.0"
"610","Trey Sermon","PIT","5","RB143",,,,"515",,"420","467.5"
"611","Gavin Bartholomew","MIN","6","TE92","420",,,"623",,,"521.5"
"612","Michael Carter","ARI","8","RB144",,,,"662",,"421","541.5"
"613","Tommy Mellott",,,"WR206","422",,,"628",,,"525.0"
"614","Jake Funk",,,"RB145","423",,,,,,"423.0"
"615","Matt Ammendola",,,"K55","424",,,,,,"424.0"
"616","Sione Vaki","DET","8","RB146","450",,,"474",,,"462.0"
"617","E.J. Jenkins","PHI","9","TE93",,,,"426",,,"426.0"
"618","Riley Patterson","MIA","12","K56","426",,,"517",,,"471.5"
"619","Hunter Luepke","DAL","10","RB147",,,,"427",,,"427.0"
"620","Ian Thomas","LV","8","TE94","431",,,"496",,,"463.5"
"621","Chris Brooks","GB","5","RB148",,,,"429",,,"429.0"
"622","George Holani","SEA","8","RB149","497",,,"432",,,"464.5"
"623","Phillip Dorsett","II",,"WR207","429",,,"572",,,"500.5"
"624","Charlie Kolar","BAL","7","TE95","472",,,"458",,,"465.0"
"625","Kendrick Bourne",,,"WR208",,,,"442",,"490","466.0"
"626","Louis Rees-Zammit",,,"RB150","433",,,,,,"433.0"
"627","Emari Demercado","ARI","8","RB151",,,,"542",,"433","487.5"
"628","Colson Yankoff","WAS","12","TE96","434",,,"787",,,"610.5"
"629","Jackson Hawes","BUF","7","TE97","436",,,"794",,,"615.0"
"630","Theo Wease Jr.","MIA","12","WR209","438",,,,,,"438.0"
"631","Kimani Vidal","LAC","12","RB152",,,,"476",,"462","469.0"
"632","Keith Kirkwood","BAL","7","WR210","439",,,"601",,,"520.0"
"633","Ryan Tannehill",,,"QB85","440",,,,,,"440.0"
"634","Brayden Narveson",,,"K57","443",,,,,,"443.0"
"635","Henry Pearson",,,"RB153","444",,,,,,"444.0"
"636","Robbie Chosen","SF","14","WR211","445",,,"582",,,"513.5"
"637","Isaiah Davis","NYJ","9","RB154",,,,"554",,"446","500.0"
"638","Corey Kiner","SF","14","RB155","448",,,"745",,,"596.5"
"639","Darrell Daniels",,,"TE98","449",,,,,,"449.0"
"640","Jonathan Mingo","DAL","10","WR212","500",,,"525",,"449","491.3"
"641","Jamaal Williams",,,"RB156","460",,,"490",,,"475.0"
"642","Nathan Peterman",,,"QB86","452",,,,,,"452.0"
"643","Ben Sauls",,,"K58",,,,"452",,,"452.0"
"644","Rashaad Penny",,,"RB157","453",,,,,,"453.0"
"645","Jonathan Ward",,,"RB158",,,,"453",,,"453.0"
"646","Chandler Brayboy","JAC","8","WR213","454",,,,,,"454.0"
"647","Xavier Hutchinson","HOU","6","WR214","486",,,"468",,,"477.0"
"648","Jeremy Ruckert","NYJ","9","TE99","455",,,"522",,,"488.5"
"649","Brenden Rice",,,"WR215","457",,,"760",,,"608.5"
"650","Dylan Laube","LV","8","RB159","458",,,,,,"458.0"
"651","Josh Johnson","WAS","12","QB87","476",,,"482",,,"479.0"
"652","Jordan Watkins","SF","14","WR216",,,,"645",,"459","552.0"
"653","Brady Russell","SEA","8","TE100","459",,,"719",,,"589.0"
"654","Tyler Goodson","IND","11","RB160",,,,"460",,,"460.0"
"655","Hassan Haskins","LAC","12","RB161",,,,"461",,,"461.0"
"656","Malik Heath","GB","5","WR217","461",,,"714",,,"587.5"
"657","Robbie Ouzts","SEA","8","TE101","463",,,"556",,,"509.5"
"658","Laquon Treadwell","IND","11","WR218","464",,,"579",,,"521.5"
"659","Jimmy Graham",,,"TE102","465",,,,,,"465.0"
"660","Sincere McCormick","SF","14","RB162",,,,"465",,,"465.0"
"661","Dorian Thompson-Robinson",,,"QB88",,,,"466",,,"466.0"
"662","Trey Palmer","NO","11","WR219",,,,"536",,"466","501.0"
"663","Foster Moreau","NO","11","TE103",,,,"500",,"467","483.5"
"664","Andrew Beck","NYJ","9","TE104","467",,,"822",,,"644.5"
"665","Josh Whyle","GB","5","TE105",,,,"529",,"468","498.5"
"666","Aidan O'Connell","LV","8","QB89",,,,"469",,,"469.0"
"667","Arian Smith","NYJ","9","WR220",,,,"727",,"469","598.0"
"668","Michael Pratt",,,"QB90","470",,,,,,"470.0"
"669","Chimere Dike","TEN","10","WR221",,,,"812",,"470","641.0"
"670","Tanner Hudson","CIN","10","TE106","471",,,"600",,,"535.5"
"671","Caleb Lohner","DEN","12","TE107","473",,,"805",,,"639.0"
"672","Jonathon Brooks","CAR","14","RB163","474",,,"743",,,"608.5"
"673","Trayveon Williams","CLE","9","RB164","475",,,"608",,,"541.5"
"674","Travis Homer","CHI","5","RB165","477",,,"501",,,"489.0"
"675","Zach Pascal",,,"WR222","478",,,"587",,,"532.5"
"676","Jalin Conyers","MIA","12","TE108",,,,,,"479","479.0"
"677","Terrell Jennings","NE","14","RB166",,,,"479",,,"479.0"
"678","David Bell","CLE","9","WR223",,,,"840",,"480","660.0"
"679","Irv Smith Jr.","HOU","6","TE109","481",,,"611",,,"546.0"
"680","Tyrod Taylor","NYJ","9","QB91",,,,"483",,,"483.0"
"681","Devin Duvernay","CHI","5","WR224","483",,,"505",,,"494.0"
"682","Cordarrelle Patterson",,,"RB167",,,,"485",,,"485.0"
"683","Tyreik McAllister",,,"RB168","485",,,,,,"485.0"
"684","Nick Nash","ATL","5","WR225",,,,"876",,"485","680.5"
"685","Jacoby Brissett","ARI","8","QB92",,,,"486",,,"486.0"
"686","Tyler Johnson","NYJ","9","WR226",,,,"508",,"486","497.0"
"687","Eric Saubert","SEA","8","TE110",,,,"488",,,"488.0"
"688","Deon Jackson",,,"RB169","488",,,"647",,,"567.5"
"689","Keaontay Ingram","KC","10","RB170","489",,,,,,"489.0"
"690","River Cracraft",,,"WR227","490",,,,,,"490.0"
"691","Alex Armah Jr.",,,"RB171","491",,,,,,"491.0"
"692","Johnny Mundt","JAC","8","TE111",,,,"491",,,"491.0"
"693","Robert Tonyan","KC","10","TE112",,,,"492",,,"492.0"
"694","Dare Ogunbowale","HOU","6","RB172",,,,"493",,,"493.0"
"695","Javon Baker","PHI","9","WR228","493",,,"753",,,"623.0"
"696","Michael Gallup",,,"WR229",,,,"494",,,"494.0"
"697","Baylor Cupp",,,"TE113","494",,,"769",,,"631.5"
"698","Armani Rogers",,,"TE114","496",,,,,,"496.0"
"699","Jeff Wilson Jr.","MIA","12","RB173",,,,"497",,,"497.0"
"700","Caden Prieskorn",,,"TE115",,,,"498",,,"498.0"
"701","Raheem Blackshear",,,"RB174","498",,,"696",,,"597.0"
"702","Alec Ingold","MIA","12","RB175",,,,"499",,,"499.0"
"703","Durham Smythe","CHI","5","TE116","499",,,"594",,,"546.5"
"704","Jakob Johnson","HOU","6","RB176",,,,"504",,,"504.0"
"705","Harrison Bryant","HOU","6","TE117",,,,"506",,,"506.0"
"706","Maddux Trujillo",,,"K59",,,,"507",,,"507.0"
"707","Tim Jones","MIN","6","WR230",,,,"510",,,"510.0"
"708","Ben Skowronek","PIT","5","WR231",,,,"514",,,"514.0"
"709","Mitch Van Vooren",,,"WR232",,,,"516",,,"516.0"
"710","Drew Ogletree","IND","11","TE118",,,,"519",,,"519.0"
"711","Skylar Thompson","PIT","5","QB93",,,,"520",,,"520.0"
"712","Pierre Strong Jr.",,,"RB177",,,,"521",,,"521.0"
"713","Tyrion Davis-Price",,,"RB178",,,,"523",,,"523.0"
"714","Tre Watson","KC","10","TE119",,,,"524",,,"524.0"
"715","Jalen Brooks","DAL","10","WR233",,,,"526",,,"526.0"
"716","Ronnie Bell","DET","8","WR234",,,,"534",,,"534.0"
"717","Payne Durham","TB","9","TE120",,,,"537",,,"537.0"
"718","Nate Adkins","DEN","12","TE121",,,,"541",,,"541.0"
"719","Ryan","Coe",,"K60",,,,"548",,,"548.0"
"720","Jacardia Wright","SEA","8","RB179",,,,"550",,,"550.0"
"721","Jaheim Bell",,,"TE122",,,,"552",,,"552.0"
"722","Charlie Smyth","NO","11","K61",,,,"553",,,"553.0"
"723","Jacob Cowing","SF","14","WR235",,,,"555",,,"555.0"
"724","Kendall Milton","CIN","10","RB180",,,,"557",,,"557.0"
"725","Bryce Oliver","TEN","10","WR236",,,,"560",,,"560.0"
"726","Terique Owens",,,"WR237",,,,"561",,,"561.0"
"727","Jonathan","Kim",,"K62",,,,"565",,,"565.0"
"728","Case Keenum","CHI","5","QB94",,,,"568",,,"568.0"
"729","Ja'Quinden Jackson","JAC","8","RB181",,,,"570",,,"570.0"
"730","Silas Bolden",,,"WR238",,,,"574",,,"574.0"
"731","Trevor Siemian","TEN","10","QB95",,,,"575",,,"575.0"
"732","DeAndre Carter","CLE","9","WR239",,,,"576",,,"576.0"
"733","Taylor Heinicke",,,"QB96",,,,"577",,,"577.0"
"734","Chris Moore","WAS","12","WR240",,,,"578",,,"578.0"
"735","Nate Sudfeld",,,"QB97",,,,"580",,,"580.0"
"736","Tyler Boyd",,,"WR241",,,,"581",,,"581.0"
"737","Ketron Jackson Jr.",,,"WR242",,,,"584",,,"584.0"
"738","Jamal Agnew","ATL","5","WR243",,,,"586",,,"586.0"
"739","Pharaoh Brown",,,"TE123",,,,"589",,,"589.0"
"740","Royce Freeman",,,"RB182",,,,"590",,,"590.0"
"741","John Kelly Jr.",,,"RB183",,,,"591",,,"591.0"
"742","Anthony Miller","BAL","7","WR244",,,,"592",,,"592.0"
"743","Dante Pettis",,,"WR245",,,,"593",,,"593.0"
"744","Ross Dwelley",,,"TE124",,,,"597",,,"597.0"
"745","Russell Gage Jr.","SF","14","WR246",,,,"598",,,"598.0"
"746","Tim Boyle",,,"QB98",,,,"599",,,"599.0"
"747","Trent Sherfield Sr.","DEN","12","WR247",,,,"602",,,"602.0"
"748","KhaDarel Hodge","ATL","5","WR248",,,,"604",,,"604.0"
"749","Phil Lutz",,,"WR249",,,,"605",,,"605.0"
"750","Will Grier","DAL","10","QB99",,,,"606",,,"606.0"
"751","Miles Boykin","CHI","5","WR250",,,,"609",,,"609.0"
"752","Trenton Irwin",,,"WR251",,,,"612",,,"612.0"
"753","Juwann Winfree","HOU","6","WR252",,,,"613",,,"613.0"
"754","Elijah Young",,,"RB184",,,,"614",,,"614.0"
"755","Malik Taylor",,,"WR253",,,,"615",,,"615.0"
"756","Steven Sims Jr.",,,"WR254",,,,"616",,,"616.0"
"757","Jimmy Holiday","KC","10","WR255",,,,"617",,,"617.0"
"758","Alex Bachman","LV","8","WR256",,,,"618",,,"618.0"
"759","Tom Kennedy","DET","8","WR257",,,,"619",,,"619.0"
"760","LeQuint Allen Jr.","JAC","8","RB185",,,,"620",,,"620.0"
"761","Tyler Huntley","BAL","7","QB100",,,,"622",,,"622.0"
"762","Isaiah Hodgins",,,"WR258",,,,"624",,,"624.0"
"763","Giovanni Ricci",,,"TE125",,,,"625",,,"625.0"
"764","Scotty Washington",,,"WR259",,,,"626",,,"626.0"
"765","KJ Hamler",,,"WR260",,,,"629",,,"629.0"
"766","Albert Okwuegbunam Jr.","LV","8","TE126",,,,"630",,,"630.0"
"767","Laviska Shenault Jr.",,,"WR261",,,,"632",,,"632.0"
"768","Cody White","SEA","8","WR262",,,,"633",,,"633.0"
"769","Trishton Jackson","ARI","8","WR263",,,,"634",,,"634.0"
"770","Bryce Perkins",,,"QB101",,,,"635",,,"635.0"
"771","K.J. Osborn",,,"WR264",,,,"636",,,"636.0"
"772","Jalen Reagor","LAC","12","WR265",,,,"637",,,"637.0"
"773","Chase Claypool",,,"WR266",,,,"638",,,"638.0"
"774","JaMycal Hasty","MIA","12","RB186",,,,"639",,,"639.0"
"775","Charlie Woerner","ATL","5","TE127",,,,"640",,,"640.0"
"776","DeeJay Dallas","CAR","14","RB187",,,,"641",,,"641.0"
"777","Reggie Gilliam","BUF","7","RB188",,,,"643",,,"643.0"
"778","Lawrence Cager","WAS","12","WR267",,,,"644",,,"644.0"
"779","Tarik Black",,,"WR268",,,,"646",,,"646.0"
"780","Kenny Yeboah","DET","8","TE128",,,,"648",,,"648.0"
"781","Patrick Herbert","JAC","8","TE129",,,,"650",,,"650.0"
"782","Simi Fehoko","ARI","8","WR269",,,,"651",,,"651.0"
"783","Dez Fitzpatrick",,,"WR270",,,,"652",,,"652.0"
"784","Davis Mills","HOU","6","QB102",,,,"653",,,"653.0"
"785","Sam Ehlinger","DEN","12","QB103",,,,"654",,,"654.0"
"786","Cornell Powell",,,"WR271",,,,"656",,,"656.0"
"787","Jacob Harris",,,"TE130",,,,"657",,,"657.0"
"788","Hunter Long","JAC","8","TE131",,,,"658",,,"658.0"
"789","Zach Davidson",,,"TE132",,,,"659",,,"659.0"
"790","Kene Nwangwu","NYJ","9","RB189",,,,"660",,,"660.0"
"791","Gary Brightwell","CIN","10","RB190",,,,"661",,,"661.0"
"792","Dee Eskridge","MIA","12","WR272",,,,"664",,,"664.0"
"793","Kyle Trask",,,"QB104",,,,"665",,,"665.0"
"794","Jack Stoll","NO","11","TE133",,,,"667",,,"667.0"
"795","Jaret Patterson",,,"RB191",,,,"668",,,"668.0"
"796","Shane Zylstra","DET","8","TE134",,,,"669",,,"669.0"
"797","Desmond Ridder",,,"QB105",,,,"670",,,"670.0"
"798","Velus Jones Jr.","NO","11","WR273",,,,"671",,,"671.0"
"799","Michael Woods","II",,"WR274",,,,"672",,,"672.0"
"800","Greg Dulcich","MIA","12","TE135",,,,"673",,,"673.0"
"801","Jelani Woods","NYJ","9","TE136",,,,"675",,,"675.0"
"802","Brittain Brown","CHI","5","RB192",,,,"676",,,"676.0"
"803","Nick Muse",,,"TE137",,,,"677",,,"677.0"
"804","Bailey Zappe","CLE","9","QB106",,,,"678",,,"678.0"
"805","Zonovan Knight","ARI","8","RB193",,,,"679",,,"679.0"
"806","Britain Covey","PHI","9","WR275",,,,"680",,,"680.0"
"807","Bo Melton","GB","5","WR276",,,,"681",,,"681.0"
"808","Dareke Young","SEA","8","WR277",,,,"682",,,"682.0"
"809","Winston Wright",,,"WR278",,,,"684",,,"684.0"
"810","Kaden Davis","CLE","9","WR279",,,,"685",,,"685.0"
"811","Brandon Johnson",,,"WR280",,,,"686",,,"686.0"
"812","Kevin Austin Jr.","NO","11","WR281",,,,"688",,,"688.0"
"813","Jake Briningstool","KC","10","TE138",,,,"689",,,"689.0"
"814","Braylon Sanders",,,"WR282",,,,"690",,,"690.0"
"815","Lucas Krull","DEN","12","TE139",,,,"691",,,"691.0"
"816","Ronnie Rivers","LAR","8","RB194",,,,"693",,,"693.0"
"817","Stone Smartt","NYJ","9","TE140",,,,"694",,,"694.0"
"818","Tucker Fisk","LAC","12","TE141",,,,"695",,,"695.0"
"819","Elijhah Badger",,,"WR283",,,,"697",,,"697.0"
"820","Justin Shorter","LV","8","WR284",,,,"698",,,"698.0"
"821","Ajou Ajou",,,"WR285",,,,"699",,,"699.0"
"822","Sean Clifford",,,"QB107",,,,"701",,,"701.0"
"824","Evan Hull",,,"RB195",,,,"703",,,"703.0"
"825","Will Mallory","IND","11","TE142",,,,"704",,,"704.0"
"826","Zach Evans",,,"RB196",,,,"705",,,"705.0"
"827","Dresser Winn",,,"QB108",,,,"706",,,"706.0"
"828","Xavier Smith","LAR","8","WR287",,,,"707",,,"707.0"
"829","Jake Haener","NO","11","QB109",,,,"708",,,"708.0"
"830","Eric Gray","NYG","14","RB197",,,,"709",,,"709.0"
"831","Israel Abanikanda","GB","5","RB198",,,,"710",,,"710.0"
"832","Max Brosmer","MIN","6","QB110",,,,"711",,,"711.0"
"833","Brayden Willis","SF","14","TE143",,,,"712",,,"712.0"
"834","Zavier Scott","MIN","6","WR288",,,,"715",,,"715.0"
"835","Brock Lampe","NE","14","RB199",,,,"716",,,"716.0"
"836","Xavier Gipson","NYJ","9","WR289",,,,"717",,,"717.0"
"837","Ben VanSumeren","PHI","9","LB1",,,,"718",,,"718.0"
"838","Jordan Mims","TEN","10","RB200",,,,"720",,,"720.0"
"839","Shedrick Jackson","LV","8","WR290",,,,"721",,,"721.0"
"840","Princeton Fant","DAL","10","TE144",,,,"723",,,"723.0"
"841","Brady Cook","NYJ","9","QB111",,,,"724",,,"724.0"
"842","Marcus Yarns",,,"RB201",,,,"725",,,"725.0"
"843","Giles Jackson",,,"WR291",,,,"726",,,"726.0"
"844","Elijah Cooks","PHI","9","WR292",,,,"728",,,"728.0"
"845","Blake Whiteheart","CLE","9","TE145",,,,"729",,,"729.0"
"846","Thayer Thomas",,,"WR293",,,,"730",,,"730.0"
"847","Malik Knowles",,,"WR294",,,,"731",,,"731.0"
"848","JJ Galbreath","PIT","5","TE146",,,,"732",,,"732.0"
"849","Johnny Lumpkin",,,"TE147",,,,"733",,,"733.0"
"850","Rakim Jarrett",,,"WR295",,,,"735",,,"735.0"
"851","Ryan Miller","TB","9","WR296",,,,"736",,,"736.0"
"852","Roc Taylor",,,"WR297",,,,"738",,,"738.0"
"853","Max Hurleman","PIT","5","CB1",,,,"739",,,"739.0"
"854","Jase McClellan",,,"RB202",,,,"740",,,"740.0"
"855","Casey Washington","ATL","5","WR298",,,,"741",,,"741.0"
"856","Devin Leary",,,"QB112",,,,"742",,,"742.0"
"857","Erick All Jr.","CIN","10","TE148",,,,"744",,,"744.0"
"858","Ryan Flournoy","DAL","10","WR299",,,,"747",,,"747.0"
"859","Jawhar Jordan","HOU","6","RB203",,,,"748",,,"748.0"
"860","Anthony Gould","IND","11","WR300",,,,"749",,,"749.0"
"861","Keilan Robinson",,,"RB204",,,,"750",,,"750.0"
"862","Bub Means","NO","11","WR301",,,,"755",,,"755.0"
"863","Dante Miller","NYG","14","RB205",,,,"756",,,"756.0"
"864","Malachi Corley","CLE","9","WR302",,,,"757",,,"757.0"
"865","Tip Reiman","ARI","8","TE149",,,,"759",,,"759.0"
"866","Devin Culp","TB","9","TE150",,,,"761",,,"761.0"
"867","Jarveon Howard",,,"RB206",,,,"762",,,"762.0"
"868","DJ Uiagalelei","LAC","12","QB113",,,,"763",,,"763.0"
"869","Ben Wooldridge",,,"QB114",,,,"764",,,"764.0"
"870","Graham Mertz","HOU","6","QB115",,,,"765",,,"765.0"
"871","Emory Jones","ATL","5","QB116",,,,"766",,,"766.0"
"872","Emani Bailey",,,"RB207",,,,"768",,,"768.0"
"873","Austin Reed",,,"QB117",,,,"770",,,"770.0"
"874","Ian Wheeler",,,"RB208",,,,"771",,,"771.0"
"875","Cole Burgess",,,"WR303",,,,"772",,,"772.0"
"876","Brevyn Spann-Ford","DAL","10","TE151",,,,"774",,,"774.0"
"877","Blake Watson",,,"RB209",,,,"775",,,"775.0"
"878","Thomas Yassmin","LAC","12","TE152",,,,"776",,,"776.0"
"879","Isaiah Williams","CIN","10","WR304",,,,"777",,,"777.0"
"880","Kedon Slovis","ARI","8","QB118",,,,"778",,,"778.0"
"881","Jaden Smith",,,"WR305",,,,"779",,,"779.0"
"882","Mason Tipton","NO","11","WR306",,,,"780",,,"780.0"
"883","Xavier Weaver","ARI","8","WR307",,,,"781",,,"781.0"
"884","Jabari Small",,,"RB210",,,,"782",,,"782.0"
"885","Tanner Mordecai",,,"QB119",,,,"783",,,"783.0"
"886","Cody Schrader","LAR","8","RB211",,,,"784",,,"784.0"
"887","Kameron Johnson","TB","9","WR308",,,,"785",,,"785.0"
"888","Sam Hartman","WAS","12","QB120",,,,"786",,,"786.0"
"889","British Brooks","HOU","6","RB212",,,,"788",,,"788.0"
"890","Shawn Bowman",,,"TE153",,,,"789",,,"789.0"
"891","Alex Hale",,,"K63",,,,"790",,,"790.0"
"892","Jahmal Banks",,,"WR309",,,,"792",,,"792.0"
"893","Kayron Lynch-Adams",,,"RB213",,,,"795",,,"795.0"
"894","Deion Hankins","CHI","5","RB214",,,,"796",,,"796.0"
"895","Quali Conley",,,"RB215",,,,"798",,,"798.0"
"896","Ahmani Marshall","CLE","9","RB216",,,,"800",,,"800.0"
"897","Rivaldo Fairweather","DAL","10","TE154",,,,"801",,,"801.0"
"898","Traeshon Holden","DAL","10","WR310",,,,"802",,,"802.0"
"899","Courtney Jackson","SEA","8","WR311",,,,"804",,,"804.0"
"900","Amar Johnson",,,"RB217",,,,"808",,,"808.0"
"901","Micah Bernard",,,"RB218",,,,"810",,,"810.0"
"902","Nick Vannett","MIN","6","TE155",,,,"814",,,"814.0"
"903","Gerald Everett",,,"TE156",,,,"815",,,"815.0"
"904","Mike Boone",,,"RB219",,,,"816",,,"816.0"
"905","Malik Turner","SF","14","WR312",,,,"817",,,"817.0"
"906","Myles Gaskin",,,"RB220",,,,"818",,,"818.0"
"907","Kelvin Harmon",,,"WR313",,,,"821",,,"821.0"
"908","Ashton Dulin","IND","11","WR314",,,,"823",,,"823.0"
"909","Andy Isabella",,,"WR315",,,,"824",,,"824.0"
"910","Brett Rypien","CIN","10","QB121",,,,"825",,,"825.0"
"911","Seth Williams","LV","8","WR316",,,,"826",,,"826.0"
"912","Ihmir Smith-Marsette","NYG","14","WR317",,,,"827",,,"827.0"
"913","Kawaan Baker",,,"WR318",,,,"828",,,"828.0"
"915","Quintin Morris","JAC","8","TE158",,,,"831",,,"831.0"
"916","Feleipe Franks","ATL","5","QB122",,,,"832",,,"832.0"
"917","Brandon Smith","NYJ","9","WR319",,,,"833",,,"833.0"
"918","Adam Prentice","DEN","12","RB221",,,,"834",,,"834.0"
"919","Shane Buechele","BUF","7","QB123",,,,"835",,,"835.0"
"920","Michael Bandy","DEN","12","WR320",,,,"836",,,"836.0"
"921","Sal Cannella","CLE","9","TE159",,,,"837",,,"837.0"
"922","Michael Jacobson",,,"TE160",,,,"838",,,"838.0"
"923","Jake Tonges","SF","14","TE161",,,,"839",,,"839.0"
"924","James Mitchell","CAR","14","TE162",,,,"841",,,"841.0"
"925","Samori Toure",,,"WR321",,,,"842",,,"842.0"
"926","Teagan Quitoriano","ATL","5","TE163",,,,"843",,,"843.0"
"927","Lance McCutcheon",,,"WR322",,,,"844",,,"844.0"
"928","Erik Ezukanma","JAC","8","WR323",,,,"845",,,"845.0"
"929","Kevin Harris",,,"RB222",,,,"846",,,"846.0"
"930","Irvin Charles","NYJ","9","WR324",,,,"847",,,"847.0"
"931","Chris Oladokun","KC","10","QB124",,,,"848",,,"848.0"
"932","Ko Kieft","TB","9","TE164",,,,"849",,,"849.0"
"933","Justyn Ross",,,"WR325",,,,"850",,,"850.0"
"934","Kendric Pryor",,,"WR326",,,,"851",,,"851.0"
"935","Zaire Mitchell-Paden","BAL","7","TE165",,,,"852",,,"852.0"
"936","Malik Davis","DAL","10","RB223",,,,"853",,,"853.0"
"937","JaQuae Jackson","LAC","12","WR327",,,,"855",,,"855.0"
"938","Xavier Johnson",,,"WR328",,,,"856",,,"856.0"
"939","Jack Plummer",,,"QB125",,,,"857",,,"857.0"
"940","Brenden Bates","CLE","9","TE166",,,,"858",,,"858.0"
"941","Jason Bean",,,"QB126",,,,"859",,,"859.0"
"942","Joshua Cephus","JAC","8","WR329",,,,"860",,,"860.0"
"943","David Martin-Robinson","TEN","10","TE167",,,,"863",,,"863.0"
"944","Steven Stilianos",,,"TE168",,,,"864",,,"864.0"
"945","John Jiles","NE","14","WR330",,,,"865",,,"865.0"
"946","John Rhys Plumlee",,,"QB127",,,,"866",,,"866.0"
"947","Mason Pline","NO","11","TE169",,,,"867",,,"867.0"
"948","Michael Wiley",,,"RB224",,,,"869",,,"869.0"
"949","Neal Johnson",,,"TE170",,,,"870",,,"870.0"
"950","Drake Stoops",,,"WR331",,,,"871",,,"871.0"
"951","Hayden Rucci","MIA","12","TE171",,,,"872",,,"872.0"
"952","Jaelen Gill",,,"WR332",,,,"873",,,"873.0"
"953","Kevin Foelsch",,,"TE172",,,,"874",,,"874.0"
"955","Xavier Guillory",,,"WR333",,,,"877",,,"877.0"
"956","Lucas Scott","BAL","7","RB225",,,,"879",,,"879.0"
"957","Kelly Akharaiyi",,,"WR334",,,,"880",,,"880.0"
"958","Keleki Latu","BUF","7","TE174",,,,"881",,,"881.0"
"959","Hal Presley",,,"WR335",,,,"882",,,"882.0"
"960","Jacolby George",,,"WR336",,,,"883",,,"883.0"
"961","Jamoi Mayes",,,"WR337",,,,"885",,,"885.0"
"962","Rashod Owens",,,"WR338",,,,"887",,,"887.0"
"963","Payton Thorne",,,"QB128",,,,"888",,,"888.0"
"964","Luke Floriea",,,"WR339",,,,"889",,,"889.0"
"965","Gage Larvadain","CLE","9","WR340",,,,"890",,,"890.0"
"966","Ja'seem Reed","CAR","14","WR341",,,,"891",,,"891.0"
"967","Josh Kelly","HOU","6","WR342",,,,"892",,,"892.0"
"968","Tyler Neville",,,"TE175",,,,"893",,,"893.0"
"969","Joaquin Davis",,,"WR343",,,,"894",,,"894.0"
"970","Jerjuan Newton",,,"WR344",,,,"895",,,"895.0"
"971","Kyrese Rowan",,,"WR345",,,,"896",,,"896.0"
"972","Zach Horton","DET","8","TE176",,,,"898",,,"898.0"
"973","Jakobie Keeney-James",,,"WR346",,,,"899",,,"899.0"
"974","Jackson Meeks","DET","8","WR347",,,,"900",,,"900.0"